DO $$
BEGIN
  BEGIN
    INSERT INTO ELEMENT (ELEMENT_SYMBOL, ELEMENT_NAME, ELEMENT_STABILITY, ELEMENT_RADIOACTIVITY, ELEMENT_TOXICITY) VALUES ('H', 'Водород', 'стабильный', 'не радиоактивный', 'токсичный');
    INSERT INTO ELEMENT (ELEMENT_SYMBOL, ELEMENT_NAME, ELEMENT_STABILITY, ELEMENT_RADIOACTIVITY, ELEMENT_TOXICITY) VALUES ('He', 'Гелий', 'нестабильный', 'радиоактивный', 'токсичный');
    INSERT INTO ELEMENT (ELEMENT_SYMBOL, ELEMENT_NAME, ELEMENT_STABILITY, ELEMENT_RADIOACTIVITY, ELEMENT_TOXICITY) VALUES ('Li', 'Литий', 'стабильный', 'радиоактивный', 'токсичный');
    INSERT INTO ELEMENT (ELEMENT_SYMBOL, ELEMENT_NAME, ELEMENT_STABILITY, ELEMENT_RADIOACTIVITY, ELEMENT_TOXICITY) VALUES ('Be', 'Бериллий', 'стабильный', 'радиоактивный', 'токсичный');
    INSERT INTO ELEMENT (ELEMENT_SYMBOL, ELEMENT_NAME, ELEMENT_STABILITY, ELEMENT_RADIOACTIVITY, ELEMENT_TOXICITY) VALUES ('B', 'Бор', 'стабильный', 'радиоактивный', 'токсичный');
    INSERT INTO ELEMENT (ELEMENT_SYMBOL, ELEMENT_NAME, ELEMENT_STABILITY, ELEMENT_RADIOACTIVITY, ELEMENT_TOXICITY) VALUES ('C', 'Углерод', 'стабильный', 'радиоактивный', 'нетоксичный');
    INSERT INTO ELEMENT (ELEMENT_SYMBOL, ELEMENT_NAME, ELEMENT_STABILITY, ELEMENT_RADIOACTIVITY, ELEMENT_TOXICITY) VALUES ('N', 'Азот', 'нестабильный', 'радиоактивный', 'нетоксичный');
    INSERT INTO ELEMENT (ELEMENT_SYMBOL, ELEMENT_NAME, ELEMENT_STABILITY, ELEMENT_RADIOACTIVITY, ELEMENT_TOXICITY) VALUES ('O', 'Кислород', 'стабильный', 'не радиоактивный', 'токсичный');
    INSERT INTO ELEMENT (ELEMENT_SYMBOL, ELEMENT_NAME, ELEMENT_STABILITY, ELEMENT_RADIOACTIVITY, ELEMENT_TOXICITY) VALUES ('F', 'Фтор', 'нестабильный', 'не радиоактивный', 'нетоксичный');
    INSERT INTO ELEMENT (ELEMENT_SYMBOL, ELEMENT_NAME, ELEMENT_STABILITY, ELEMENT_RADIOACTIVITY, ELEMENT_TOXICITY) VALUES ('Ne', 'Неон', 'нестабильный', 'радиоактивный', 'нетоксичный');
    INSERT INTO ELEMENT (ELEMENT_SYMBOL, ELEMENT_NAME, ELEMENT_STABILITY, ELEMENT_RADIOACTIVITY, ELEMENT_TOXICITY) VALUES ('Na', 'Натрий', 'стабильный', 'не радиоактивный', 'токсичный');
    INSERT INTO ELEMENT (ELEMENT_SYMBOL, ELEMENT_NAME, ELEMENT_STABILITY, ELEMENT_RADIOACTIVITY, ELEMENT_TOXICITY) VALUES ('Mg', 'Магний', 'стабильный', 'радиоактивный', 'нетоксичный');
    INSERT INTO ELEMENT (ELEMENT_SYMBOL, ELEMENT_NAME, ELEMENT_STABILITY, ELEMENT_RADIOACTIVITY, ELEMENT_TOXICITY) VALUES ('Al', 'Алюминий', 'нестабильный', 'радиоактивный', 'нетоксичный');
    INSERT INTO ELEMENT (ELEMENT_SYMBOL, ELEMENT_NAME, ELEMENT_STABILITY, ELEMENT_RADIOACTIVITY, ELEMENT_TOXICITY) VALUES ('Si', 'Кремний', 'стабильный', 'радиоактивный', 'нетоксичный');
    INSERT INTO ELEMENT (ELEMENT_SYMBOL, ELEMENT_NAME, ELEMENT_STABILITY, ELEMENT_RADIOACTIVITY, ELEMENT_TOXICITY) VALUES ('P', 'Фосфор', 'стабильный', 'радиоактивный', 'токсичный');
    INSERT INTO ELEMENT (ELEMENT_SYMBOL, ELEMENT_NAME, ELEMENT_STABILITY, ELEMENT_RADIOACTIVITY, ELEMENT_TOXICITY) VALUES ('S', 'Сера', 'нестабильный', 'не радиоактивный', 'токсичный');
    INSERT INTO ELEMENT (ELEMENT_SYMBOL, ELEMENT_NAME, ELEMENT_STABILITY, ELEMENT_RADIOACTIVITY, ELEMENT_TOXICITY) VALUES ('Cl', 'Хлор', 'нестабильный', 'радиоактивный', 'нетоксичный');
    INSERT INTO ELEMENT (ELEMENT_SYMBOL, ELEMENT_NAME, ELEMENT_STABILITY, ELEMENT_RADIOACTIVITY, ELEMENT_TOXICITY) VALUES ('Ar', 'Аргон', 'стабильный', 'радиоактивный', 'нетоксичный');
    INSERT INTO ELEMENT (ELEMENT_SYMBOL, ELEMENT_NAME, ELEMENT_STABILITY, ELEMENT_RADIOACTIVITY, ELEMENT_TOXICITY) VALUES ('K', 'Калий', 'стабильный', 'не радиоактивный', 'токсичный');
    INSERT INTO ELEMENT (ELEMENT_SYMBOL, ELEMENT_NAME, ELEMENT_STABILITY, ELEMENT_RADIOACTIVITY, ELEMENT_TOXICITY) VALUES ('Ca', 'Кальций', 'стабильный', 'не радиоактивный', 'нетоксичный');
    INSERT INTO ELEMENT (ELEMENT_SYMBOL, ELEMENT_NAME, ELEMENT_STABILITY, ELEMENT_RADIOACTIVITY, ELEMENT_TOXICITY) VALUES ('U', 'Уран', 'нестабильный', 'радиоактивный', 'токсичный');
    INSERT INTO ELEMENT (ELEMENT_SYMBOL, ELEMENT_NAME, ELEMENT_STABILITY, ELEMENT_RADIOACTIVITY, ELEMENT_TOXICITY) VALUES ('Pu', 'Плутоний', 'стабильный', 'не радиоактивный', 'нетоксичный');
    INSERT INTO ELEMENT (ELEMENT_SYMBOL, ELEMENT_NAME, ELEMENT_STABILITY, ELEMENT_RADIOACTIVITY, ELEMENT_TOXICITY) VALUES ('Th', 'Торий', 'нестабильный', 'не радиоактивный', 'токсичный');
    INSERT INTO ELEMENT (ELEMENT_SYMBOL, ELEMENT_NAME, ELEMENT_STABILITY, ELEMENT_RADIOACTIVITY, ELEMENT_TOXICITY) VALUES ('Zr', 'Цирконий', 'нестабильный', 'радиоактивный', 'нетоксичный');
    INSERT INTO ELEMENT (ELEMENT_SYMBOL, ELEMENT_NAME, ELEMENT_STABILITY, ELEMENT_RADIOACTIVITY, ELEMENT_TOXICITY) VALUES ('Gd', 'Гадолиний', 'нестабильный', 'не радиоактивный', 'токсичный');
    INSERT INTO ELEMENT (ELEMENT_SYMBOL, ELEMENT_NAME, ELEMENT_STABILITY, ELEMENT_RADIOACTIVITY, ELEMENT_TOXICITY) VALUES ('Eu', 'Европий', 'нестабильный', 'радиоактивный', 'токсичный');
    INSERT INTO ELEMENT (ELEMENT_SYMBOL, ELEMENT_NAME, ELEMENT_STABILITY, ELEMENT_RADIOACTIVITY, ELEMENT_TOXICITY) VALUES ('Am', 'Америций', 'стабильный', 'не радиоактивный', 'токсичный');
    INSERT INTO ELEMENT (ELEMENT_SYMBOL, ELEMENT_NAME, ELEMENT_STABILITY, ELEMENT_RADIOACTIVITY, ELEMENT_TOXICITY) VALUES ('Cm', 'Кюрий', 'стабильный', 'радиоактивный', 'нетоксичный');
    INSERT INTO FUEL_TYPE (FUEL_TYPE_ID, FUEL_TYPE_SHELL, FUEL_TYPE_CONTACT, FUEL_TYPE_FORM) VALUES (1, 'металл', 'жидкость', 'таблетка');
    INSERT INTO FUEL_TYPE (FUEL_TYPE_ID, FUEL_TYPE_SHELL, FUEL_TYPE_CONTACT, FUEL_TYPE_FORM) VALUES (2, 'металл', 'газ', 'стержень');
    INSERT INTO FUEL_TYPE (FUEL_TYPE_ID, FUEL_TYPE_SHELL, FUEL_TYPE_CONTACT, FUEL_TYPE_FORM) VALUES (3, 'металл', 'твердый', 'гранула');
    INSERT INTO FUEL_TYPE (FUEL_TYPE_ID, FUEL_TYPE_SHELL, FUEL_TYPE_CONTACT, FUEL_TYPE_FORM) VALUES (4, 'керамика', 'жидкость', 'стержень');
    INSERT INTO FUEL_TYPE (FUEL_TYPE_ID, FUEL_TYPE_SHELL, FUEL_TYPE_CONTACT, FUEL_TYPE_FORM) VALUES (5, 'керамика', 'газ', 'гранула');
    INSERT INTO FUEL_TYPE (FUEL_TYPE_ID, FUEL_TYPE_SHELL, FUEL_TYPE_CONTACT, FUEL_TYPE_FORM) VALUES (6, 'керамика', 'твердый', 'таблетка');
    INSERT INTO FUEL_TYPE (FUEL_TYPE_ID, FUEL_TYPE_SHELL, FUEL_TYPE_CONTACT, FUEL_TYPE_FORM) VALUES (7, 'полимер', 'жидкость', 'гранула');
    INSERT INTO FUEL_TYPE (FUEL_TYPE_ID, FUEL_TYPE_SHELL, FUEL_TYPE_CONTACT, FUEL_TYPE_FORM) VALUES (8, 'полимер', 'газ', 'таблетка');
    INSERT INTO FUEL_TYPE (FUEL_TYPE_ID, FUEL_TYPE_SHELL, FUEL_TYPE_CONTACT, FUEL_TYPE_FORM) VALUES (9, 'полимер', 'твердый', 'стержень');
    INSERT INTO FUEL_ROAD (FUEL_ROAD_NUMBER, FUEL_TYPE_ID, FUEL_ROAD_MASS, FUEL_ROAD_CONDITION) VALUES (1, 7, 492, 'удовлетворительное');
    INSERT INTO FUEL_ROAD (FUEL_ROAD_NUMBER, FUEL_TYPE_ID, FUEL_ROAD_MASS, FUEL_ROAD_CONDITION) VALUES (2, 8, 279, 'плохое');
    INSERT INTO FUEL_ROAD (FUEL_ROAD_NUMBER, FUEL_TYPE_ID, FUEL_ROAD_MASS, FUEL_ROAD_CONDITION) VALUES (3, 5, 943, 'плохое');
    INSERT INTO FUEL_ROAD (FUEL_ROAD_NUMBER, FUEL_TYPE_ID, FUEL_ROAD_MASS, FUEL_ROAD_CONDITION) VALUES (4, 5, 709, 'плохое');
    INSERT INTO FUEL_ROAD (FUEL_ROAD_NUMBER, FUEL_TYPE_ID, FUEL_ROAD_MASS, FUEL_ROAD_CONDITION) VALUES (5, 2, 204, 'плохое');
    INSERT INTO FUEL_ROAD (FUEL_ROAD_NUMBER, FUEL_TYPE_ID, FUEL_ROAD_MASS, FUEL_ROAD_CONDITION) VALUES (6, 7, 261, 'удовлетворительное');
    INSERT INTO FUEL_ROAD (FUEL_ROAD_NUMBER, FUEL_TYPE_ID, FUEL_ROAD_MASS, FUEL_ROAD_CONDITION) VALUES (7, 2, 405, 'плохое');
    INSERT INTO FUEL_ROAD (FUEL_ROAD_NUMBER, FUEL_TYPE_ID, FUEL_ROAD_MASS, FUEL_ROAD_CONDITION) VALUES (8, 6, 957, 'хорошее');
    INSERT INTO FUEL_ROAD (FUEL_ROAD_NUMBER, FUEL_TYPE_ID, FUEL_ROAD_MASS, FUEL_ROAD_CONDITION) VALUES (9, 6, 651, 'удовлетворительное');
    INSERT INTO FUEL_ROAD (FUEL_ROAD_NUMBER, FUEL_TYPE_ID, FUEL_ROAD_MASS, FUEL_ROAD_CONDITION) VALUES (10, 5, 137, 'хорошее');
    INSERT INTO FUEL_ROAD (FUEL_ROAD_NUMBER, FUEL_TYPE_ID, FUEL_ROAD_MASS, FUEL_ROAD_CONDITION) VALUES (11, 8, 768, 'плохое');
    INSERT INTO FUEL_ROAD (FUEL_ROAD_NUMBER, FUEL_TYPE_ID, FUEL_ROAD_MASS, FUEL_ROAD_CONDITION) VALUES (12, 8, 816, 'плохое');
    INSERT INTO FUEL_ROAD (FUEL_ROAD_NUMBER, FUEL_TYPE_ID, FUEL_ROAD_MASS, FUEL_ROAD_CONDITION) VALUES (13, 4, 365, 'хорошее');
    INSERT INTO FUEL_ROAD (FUEL_ROAD_NUMBER, FUEL_TYPE_ID, FUEL_ROAD_MASS, FUEL_ROAD_CONDITION) VALUES (14, 7, 287, 'удовлетворительное');
    INSERT INTO FUEL_ROAD (FUEL_ROAD_NUMBER, FUEL_TYPE_ID, FUEL_ROAD_MASS, FUEL_ROAD_CONDITION) VALUES (15, 3, 956, 'хорошее');
    INSERT INTO FUEL_ROAD (FUEL_ROAD_NUMBER, FUEL_TYPE_ID, FUEL_ROAD_MASS, FUEL_ROAD_CONDITION) VALUES (16, 8, 995, 'хорошее');
    INSERT INTO FUEL_ROAD (FUEL_ROAD_NUMBER, FUEL_TYPE_ID, FUEL_ROAD_MASS, FUEL_ROAD_CONDITION) VALUES (17, 7, 705, 'удовлетворительное');
    INSERT INTO FUEL_ROAD (FUEL_ROAD_NUMBER, FUEL_TYPE_ID, FUEL_ROAD_MASS, FUEL_ROAD_CONDITION) VALUES (18, 6, 931, 'хорошее');
    INSERT INTO FUEL_ROAD (FUEL_ROAD_NUMBER, FUEL_TYPE_ID, FUEL_ROAD_MASS, FUEL_ROAD_CONDITION) VALUES (19, 8, 516, 'хорошее');
    INSERT INTO FUEL_ROAD (FUEL_ROAD_NUMBER, FUEL_TYPE_ID, FUEL_ROAD_MASS, FUEL_ROAD_CONDITION) VALUES (20, 6, 233, 'плохое');
    INSERT INTO FUEL_ROAD (FUEL_ROAD_NUMBER, FUEL_TYPE_ID, FUEL_ROAD_MASS, FUEL_ROAD_CONDITION) VALUES (21, 2, 204, 'хорошее');
    INSERT INTO FUEL_ROAD (FUEL_ROAD_NUMBER, FUEL_TYPE_ID, FUEL_ROAD_MASS, FUEL_ROAD_CONDITION) VALUES (22, 2, 128, 'хорошее');
    INSERT INTO FUEL_ROAD (FUEL_ROAD_NUMBER, FUEL_TYPE_ID, FUEL_ROAD_MASS, FUEL_ROAD_CONDITION) VALUES (23, 4, 227, 'удовлетворительное');
    INSERT INTO FUEL_ROAD (FUEL_ROAD_NUMBER, FUEL_TYPE_ID, FUEL_ROAD_MASS, FUEL_ROAD_CONDITION) VALUES (24, 6, 295, 'удовлетворительное');
    INSERT INTO FUEL_ROAD (FUEL_ROAD_NUMBER, FUEL_TYPE_ID, FUEL_ROAD_MASS, FUEL_ROAD_CONDITION) VALUES (25, 6, 109, 'хорошее');
    INSERT INTO POWERUNIT (POWERUNIT_NUMBER) VALUES (1);
    INSERT INTO POWERUNIT (POWERUNIT_NUMBER) VALUES (2);
    INSERT INTO POWERUNIT (POWERUNIT_NUMBER) VALUES (3);
    INSERT INTO POWERUNIT (POWERUNIT_NUMBER) VALUES (4);
    INSERT INTO SUBSYSTEM (SUBSYSTEM_ID, POWERUNIT_NUMBER, SUSBSYSTEM_NAME, SUBSYSTEM_STATUS) VALUES (1, 1, 'реактор', 'не работает');
    INSERT INTO SUBSYSTEM (SUBSYSTEM_ID, POWERUNIT_NUMBER, SUSBSYSTEM_NAME, SUBSYSTEM_STATUS) VALUES (2, 1, 'турбина', 'работает');
    INSERT INTO SUBSYSTEM (SUBSYSTEM_ID, POWERUNIT_NUMBER, SUSBSYSTEM_NAME, SUBSYSTEM_STATUS) VALUES (3, 1, 'первый контур', 'в ремонте');
    INSERT INTO SUBSYSTEM (SUBSYSTEM_ID, POWERUNIT_NUMBER, SUSBSYSTEM_NAME, SUBSYSTEM_STATUS) VALUES (4, 1, 'второй контур', 'в ремонте');
    INSERT INTO SUBSYSTEM (SUBSYSTEM_ID, POWERUNIT_NUMBER, SUSBSYSTEM_NAME, SUBSYSTEM_STATUS) VALUES (5, 2, 'реактор', 'в ремонте');
    INSERT INTO SUBSYSTEM (SUBSYSTEM_ID, POWERUNIT_NUMBER, SUSBSYSTEM_NAME, SUBSYSTEM_STATUS) VALUES (6, 2, 'турбина', 'в ремонте');
    INSERT INTO SUBSYSTEM (SUBSYSTEM_ID, POWERUNIT_NUMBER, SUSBSYSTEM_NAME, SUBSYSTEM_STATUS) VALUES (7, 2, 'первый контур', 'работает');
    INSERT INTO SUBSYSTEM (SUBSYSTEM_ID, POWERUNIT_NUMBER, SUSBSYSTEM_NAME, SUBSYSTEM_STATUS) VALUES (8, 2, 'второй контур', 'в ремонте');
    INSERT INTO SUBSYSTEM (SUBSYSTEM_ID, POWERUNIT_NUMBER, SUSBSYSTEM_NAME, SUBSYSTEM_STATUS) VALUES (9, 3, 'реактор', 'работает');
    INSERT INTO SUBSYSTEM (SUBSYSTEM_ID, POWERUNIT_NUMBER, SUSBSYSTEM_NAME, SUBSYSTEM_STATUS) VALUES (10, 3, 'турбина', 'в ремонте');
    INSERT INTO SUBSYSTEM (SUBSYSTEM_ID, POWERUNIT_NUMBER, SUSBSYSTEM_NAME, SUBSYSTEM_STATUS) VALUES (11, 3, 'первый контур', 'не работает');
    INSERT INTO SUBSYSTEM (SUBSYSTEM_ID, POWERUNIT_NUMBER, SUSBSYSTEM_NAME, SUBSYSTEM_STATUS) VALUES (12, 3, 'второй контур', 'в ремонте');
    INSERT INTO SUBSYSTEM (SUBSYSTEM_ID, POWERUNIT_NUMBER, SUSBSYSTEM_NAME, SUBSYSTEM_STATUS) VALUES (13, 4, 'реактор', 'в ремонте');
    INSERT INTO SUBSYSTEM (SUBSYSTEM_ID, POWERUNIT_NUMBER, SUSBSYSTEM_NAME, SUBSYSTEM_STATUS) VALUES (14, 4, 'турбина', 'в ремонте');
    INSERT INTO SUBSYSTEM (SUBSYSTEM_ID, POWERUNIT_NUMBER, SUSBSYSTEM_NAME, SUBSYSTEM_STATUS) VALUES (15, 4, 'первый контур', 'работает');
    INSERT INTO SUBSYSTEM (SUBSYSTEM_ID, POWERUNIT_NUMBER, SUSBSYSTEM_NAME, SUBSYSTEM_STATUS) VALUES (16, 4, 'второй контур', 'не работает');
    INSERT INTO EMPLOYEE (EMPLOYEE_ID, SUBSYSTEM_ID, EMPLOYEE_FIRSTNAME, EMPLOYEE_SURNAME, EMPLOYEE_LASTNAME, EMPLOYEE_TITLE, EMPLOYEE_PHONE) VALUES (1, 10, 'Станислав', 'Федосеев', 'Станиславович', 'инженер по безопасности', '+79209803079');
    INSERT INTO EMPLOYEE (EMPLOYEE_ID, SUBSYSTEM_ID, EMPLOYEE_FIRSTNAME, EMPLOYEE_SURNAME, EMPLOYEE_LASTNAME, EMPLOYEE_TITLE, EMPLOYEE_PHONE) VALUES (2, 11, 'Илья', 'Горбачев', 'Егорович', 'инженер по безопасности', '+79823631246');
    INSERT INTO EMPLOYEE (EMPLOYEE_ID, SUBSYSTEM_ID, EMPLOYEE_FIRSTNAME, EMPLOYEE_SURNAME, EMPLOYEE_LASTNAME, EMPLOYEE_TITLE, EMPLOYEE_PHONE) VALUES (3, 13, 'Владимир', 'Антонов', 'Григорьевич', 'оператор реактора', '+79486518326');
    INSERT INTO EMPLOYEE (EMPLOYEE_ID, SUBSYSTEM_ID, EMPLOYEE_FIRSTNAME, EMPLOYEE_SURNAME, EMPLOYEE_LASTNAME, EMPLOYEE_TITLE, EMPLOYEE_PHONE) VALUES (4, 13, 'Серафим', 'Фокин', 'Харитоновна', 'инженер по безопасности', '+79425212831');
    INSERT INTO EMPLOYEE (EMPLOYEE_ID, SUBSYSTEM_ID, EMPLOYEE_FIRSTNAME, EMPLOYEE_SURNAME, EMPLOYEE_LASTNAME, EMPLOYEE_TITLE, EMPLOYEE_PHONE) VALUES (5, 10, 'Анатолий', 'Денисов', 'Ильич', 'энергетический диспетчер', '+79751277472');
    INSERT INTO EMPLOYEE (EMPLOYEE_ID, SUBSYSTEM_ID, EMPLOYEE_FIRSTNAME, EMPLOYEE_SURNAME, EMPLOYEE_LASTNAME, EMPLOYEE_TITLE, EMPLOYEE_PHONE) VALUES (6, 13, 'Архип', 'Кириллов', 'Геннадиевич', 'оператор реактора', '+79131183071');
    INSERT INTO EMPLOYEE (EMPLOYEE_ID, SUBSYSTEM_ID, EMPLOYEE_FIRSTNAME, EMPLOYEE_SURNAME, EMPLOYEE_LASTNAME, EMPLOYEE_TITLE, EMPLOYEE_PHONE) VALUES (7, 9, 'Лукия', 'Михайлов', 'Чеславович', 'оператор реактора', '+79136452340');
    INSERT INTO EMPLOYEE (EMPLOYEE_ID, SUBSYSTEM_ID, EMPLOYEE_FIRSTNAME, EMPLOYEE_SURNAME, EMPLOYEE_LASTNAME, EMPLOYEE_TITLE, EMPLOYEE_PHONE) VALUES (8, 6, 'Измаил', 'Шилов', 'Виленович', 'энергетический диспетчер', '+79732503353');
    INSERT INTO EMPLOYEE (EMPLOYEE_ID, SUBSYSTEM_ID, EMPLOYEE_FIRSTNAME, EMPLOYEE_SURNAME, EMPLOYEE_LASTNAME, EMPLOYEE_TITLE, EMPLOYEE_PHONE) VALUES (9, 13, 'Парамон', 'Носков', 'Борисович', 'оператор реактора', '+79733374932');
    INSERT INTO EMPLOYEE (EMPLOYEE_ID, SUBSYSTEM_ID, EMPLOYEE_FIRSTNAME, EMPLOYEE_SURNAME, EMPLOYEE_LASTNAME, EMPLOYEE_TITLE, EMPLOYEE_PHONE) VALUES (10, 14, 'Прокл', 'Устинов', 'Викентьевич', 'энергетический диспетчер', '+79681429540');
    INSERT INTO EMPLOYEE (EMPLOYEE_ID, SUBSYSTEM_ID, EMPLOYEE_FIRSTNAME, EMPLOYEE_SURNAME, EMPLOYEE_LASTNAME, EMPLOYEE_TITLE, EMPLOYEE_PHONE) VALUES (11, 13, 'Варфоломей', 'Ильин', 'Ефимьевич', 'инженер по безопасности', '+79123784478');
    INSERT INTO EMPLOYEE (EMPLOYEE_ID, SUBSYSTEM_ID, EMPLOYEE_FIRSTNAME, EMPLOYEE_SURNAME, EMPLOYEE_LASTNAME, EMPLOYEE_TITLE, EMPLOYEE_PHONE) VALUES (12, 2, 'Еремей', 'Тихонов', 'Теймуразович', 'энергетический диспетчер', '+79079414050');
    INSERT INTO EMPLOYEE (EMPLOYEE_ID, SUBSYSTEM_ID, EMPLOYEE_FIRSTNAME, EMPLOYEE_SURNAME, EMPLOYEE_LASTNAME, EMPLOYEE_TITLE, EMPLOYEE_PHONE) VALUES (13, 7, 'Архип', 'Пономарев', 'Владиленович', 'инженер по безопасности', '+79493510226');
    INSERT INTO EMPLOYEE (EMPLOYEE_ID, SUBSYSTEM_ID, EMPLOYEE_FIRSTNAME, EMPLOYEE_SURNAME, EMPLOYEE_LASTNAME, EMPLOYEE_TITLE, EMPLOYEE_PHONE) VALUES (14, 2, 'Бажен', 'Терентьев', 'Бенедиктович', 'энергетический диспетчер', '+79049394130');
    INSERT INTO EMPLOYEE (EMPLOYEE_ID, SUBSYSTEM_ID, EMPLOYEE_FIRSTNAME, EMPLOYEE_SURNAME, EMPLOYEE_LASTNAME, EMPLOYEE_TITLE, EMPLOYEE_PHONE) VALUES (15, 13, 'Ермил', 'Родионов', 'Демидович', 'оператор реактора', '+79387094789');
    INSERT INTO EMPLOYEE (EMPLOYEE_ID, SUBSYSTEM_ID, EMPLOYEE_FIRSTNAME, EMPLOYEE_SURNAME, EMPLOYEE_LASTNAME, EMPLOYEE_TITLE, EMPLOYEE_PHONE) VALUES (16, 2, 'Вениамин', 'Носов', 'Андреевич', 'энергетический диспетчер', '+79869185317');
    INSERT INTO EMPLOYEE (EMPLOYEE_ID, SUBSYSTEM_ID, EMPLOYEE_FIRSTNAME, EMPLOYEE_SURNAME, EMPLOYEE_LASTNAME, EMPLOYEE_TITLE, EMPLOYEE_PHONE) VALUES (17, 2, 'Клавдий', 'Тетерин', 'Макаровн', 'энергетический диспетчер', '+79864890560');
    INSERT INTO EMPLOYEE (EMPLOYEE_ID, SUBSYSTEM_ID, EMPLOYEE_FIRSTNAME, EMPLOYEE_SURNAME, EMPLOYEE_LASTNAME, EMPLOYEE_TITLE, EMPLOYEE_PHONE) VALUES (18, 10, 'Варлаам', 'Яковлев', 'Еремеевич', 'энергетический диспетчер', '+79656132644');
    INSERT INTO EMPLOYEE (EMPLOYEE_ID, SUBSYSTEM_ID, EMPLOYEE_FIRSTNAME, EMPLOYEE_SURNAME, EMPLOYEE_LASTNAME, EMPLOYEE_TITLE, EMPLOYEE_PHONE) VALUES (19, 6, 'Мария', 'Брагина', 'Болеславовна', 'энергетический диспетчер', '+79852839685');
    INSERT INTO EMPLOYEE (EMPLOYEE_ID, SUBSYSTEM_ID, EMPLOYEE_FIRSTNAME, EMPLOYEE_SURNAME, EMPLOYEE_LASTNAME, EMPLOYEE_TITLE, EMPLOYEE_PHONE) VALUES (20, 15, 'Дементий', 'Кононов', 'Харитонович', 'инженер по безопасности', '+79475403165');
    INSERT INTO EMPLOYEE (EMPLOYEE_ID, SUBSYSTEM_ID, EMPLOYEE_FIRSTNAME, EMPLOYEE_SURNAME, EMPLOYEE_LASTNAME, EMPLOYEE_TITLE, EMPLOYEE_PHONE) VALUES (21, 2, 'Касьян', 'Панов', 'Федотович', 'инженер по безопасности', '+79763476884');
    INSERT INTO EMPLOYEE (EMPLOYEE_ID, SUBSYSTEM_ID, EMPLOYEE_FIRSTNAME, EMPLOYEE_SURNAME, EMPLOYEE_LASTNAME, EMPLOYEE_TITLE, EMPLOYEE_PHONE) VALUES (22, 6, 'Ефрем', 'Панфилов', 'Матвеевич', 'энергетический диспетчер', '+79979538244');
    INSERT INTO EMPLOYEE (EMPLOYEE_ID, SUBSYSTEM_ID, EMPLOYEE_FIRSTNAME, EMPLOYEE_SURNAME, EMPLOYEE_LASTNAME, EMPLOYEE_TITLE, EMPLOYEE_PHONE) VALUES (23, 1, 'Кира', 'Михайлова', 'Архиповна', 'оператор реактора', '+79364941896');
    INSERT INTO EMPLOYEE (EMPLOYEE_ID, SUBSYSTEM_ID, EMPLOYEE_FIRSTNAME, EMPLOYEE_SURNAME, EMPLOYEE_LASTNAME, EMPLOYEE_TITLE, EMPLOYEE_PHONE) VALUES (24, 1, 'Елена', 'Быкова', 'Эдуардовна', 'оператор реактора', '+79386501814');
    INSERT INTO EMPLOYEE (EMPLOYEE_ID, SUBSYSTEM_ID, EMPLOYEE_FIRSTNAME, EMPLOYEE_SURNAME, EMPLOYEE_LASTNAME, EMPLOYEE_TITLE, EMPLOYEE_PHONE) VALUES (25, 14, 'Алиса', 'Зыкова', 'Тимофеевна', 'инженер по безопасности', '+79561662156');
    INSERT INTO ENERGY (ENERGY_DATE, EMPLOYEE_ID, SUBSYSTEM_ID, ENERGY_POOL) VALUES ('2020-02-02 04:25:52.296176', 5, 10, 0.0);
    INSERT INTO ENERGY (ENERGY_DATE, EMPLOYEE_ID, SUBSYSTEM_ID, ENERGY_POOL) VALUES ('2020-07-09 23:42:55.601060', 12, 2, 0.0);
    INSERT INTO ENERGY (ENERGY_DATE, EMPLOYEE_ID, SUBSYSTEM_ID, ENERGY_POOL) VALUES ('2020-08-12 23:10:29.167767', 5, 10, 364598.1720000003);
    INSERT INTO ENERGY (ENERGY_DATE, EMPLOYEE_ID, SUBSYSTEM_ID, ENERGY_POOL) VALUES ('2020-08-31 17:43:16.215745', 5, 10, 605878.005);
    INSERT INTO ENERGY (ENERGY_DATE, EMPLOYEE_ID, SUBSYSTEM_ID, ENERGY_POOL) VALUES ('2021-01-25 00:38:28.513284', 12, 2, 437942.42000000004);
    INSERT INTO ENERGY (ENERGY_DATE, EMPLOYEE_ID, SUBSYSTEM_ID, ENERGY_POOL) VALUES ('2021-02-06 21:02:05.239583', 5, 10, 1333610.454);
    INSERT INTO ENERGY (ENERGY_DATE, EMPLOYEE_ID, SUBSYSTEM_ID, ENERGY_POOL) VALUES ('2021-06-17 08:10:09.640234', 5, 10, 1854166.998);
    INSERT INTO ENERGY (ENERGY_DATE, EMPLOYEE_ID, SUBSYSTEM_ID, ENERGY_POOL) VALUES ('2021-09-10 04:06:41.329235', 12, 2, 1906337.643000001);
    INSERT INTO ENERGY (ENERGY_DATE, EMPLOYEE_ID, SUBSYSTEM_ID, ENERGY_POOL) VALUES ('2021-10-15 17:24:38.235682', 12, 2, 2127886.735);
    INSERT INTO ENERGY (ENERGY_DATE, EMPLOYEE_ID, SUBSYSTEM_ID, ENERGY_POOL) VALUES ('2021-11-18 01:30:06.103495', 5, 10, 2275721.101000001);
    INSERT INTO ENERGY (ENERGY_DATE, EMPLOYEE_ID, SUBSYSTEM_ID, ENERGY_POOL) VALUES ('2021-12-06 01:54:22.533885', 5, 10, 2749921.791);
    INSERT INTO ENERGY (ENERGY_DATE, EMPLOYEE_ID, SUBSYSTEM_ID, ENERGY_POOL) VALUES ('2022-01-16 10:43:52.165038', 5, 10, 321119.71);
    INSERT INTO ENERGY (ENERGY_DATE, EMPLOYEE_ID, SUBSYSTEM_ID, ENERGY_POOL) VALUES ('2022-06-03 08:11:02.859461', 12, 2, 3172146.82);
    INSERT INTO ENERGY (ENERGY_DATE, EMPLOYEE_ID, SUBSYSTEM_ID, ENERGY_POOL) VALUES ('2022-08-13 17:19:10.198845', 5, 10, 4195748.828);
    INSERT INTO ENERGY (ENERGY_DATE, EMPLOYEE_ID, SUBSYSTEM_ID, ENERGY_POOL) VALUES ('2022-10-05 08:41:38.523450', 12, 2, 3898842.007);
    INSERT INTO ENERGY (ENERGY_DATE, EMPLOYEE_ID, SUBSYSTEM_ID, ENERGY_POOL) VALUES ('2022-10-07 10:12:23.672735', 12, 2, 4330587.504);
    INSERT INTO ENERGY (ENERGY_DATE, EMPLOYEE_ID, SUBSYSTEM_ID, ENERGY_POOL) VALUES ('2023-04-07 21:33:25.861814', 5, 10, 5704840.9420000003);
    INSERT INTO ENERGY (ENERGY_DATE, EMPLOYEE_ID, SUBSYSTEM_ID, ENERGY_POOL) VALUES ('2023-05-16 09:38:53.550115', 5, 10, 586101.356);
    INSERT INTO ENERGY (ENERGY_DATE, EMPLOYEE_ID, SUBSYSTEM_ID, ENERGY_POOL) VALUES ('2023-10-22 18:31:24.002393', 5, 10, 6571126.817000001);
    INSERT INTO ENERGY (ENERGY_DATE, EMPLOYEE_ID, SUBSYSTEM_ID, ENERGY_POOL) VALUES ('2023-11-20 00:30:30.423588', 12, 2, 684028.189);
    INSERT INTO ENERGY (ENERGY_DATE, EMPLOYEE_ID, SUBSYSTEM_ID, ENERGY_POOL) VALUES ('2024-02-09 00:48:23.888373', 5, 10, 7403000.754);
    INSERT INTO ENERGY (ENERGY_DATE, EMPLOYEE_ID, SUBSYSTEM_ID, ENERGY_POOL) VALUES ('2024-10-16 02:29:18.928219', 5, 10, 7810661.672);
    INSERT INTO ENERGY (ENERGY_DATE, EMPLOYEE_ID, SUBSYSTEM_ID, ENERGY_POOL) VALUES ('2024-11-22 08:41:30.939177', 5, 10, 820768.963);
    INSERT INTO ENERGY (ENERGY_DATE, EMPLOYEE_ID, SUBSYSTEM_ID, ENERGY_POOL) VALUES ('2024-12-21 09:53:00.914389', 12, 2, 8281484.008);
    INSERT INTO ENERGY (ENERGY_DATE, EMPLOYEE_ID, SUBSYSTEM_ID, ENERGY_POOL) VALUES ('2024-12-26 04:41:25.009690', 5, 10, 9069525.009);
    INSERT INTO CONTAINED (IN_FUEL_ROAD_PERSENT, ELEMENT_SYMBOL, FUEL_ROAD_NUMBER) VALUES (39.75000000000005, 'B', 1);
    INSERT INTO CONTAINED (IN_FUEL_ROAD_PERSENT, ELEMENT_SYMBOL, FUEL_ROAD_NUMBER) VALUES (9.44, 'H', 1);
    INSERT INTO CONTAINED (IN_FUEL_ROAD_PERSENT, ELEMENT_SYMBOL, FUEL_ROAD_NUMBER) VALUES (50.8100000000000003, 'P', 1);
    INSERT INTO CONTAINED (IN_FUEL_ROAD_PERSENT, ELEMENT_SYMBOL, FUEL_ROAD_NUMBER) VALUES (69.0300000000005, 'Am', 2);
    INSERT INTO CONTAINED (IN_FUEL_ROAD_PERSENT, ELEMENT_SYMBOL, FUEL_ROAD_NUMBER) VALUES (26.82, 'Be', 2);
    INSERT INTO CONTAINED (IN_FUEL_ROAD_PERSENT, ELEMENT_SYMBOL, FUEL_ROAD_NUMBER) VALUES (1.5, 'Ne', 2);
    INSERT INTO CONTAINED (IN_FUEL_ROAD_PERSENT, ELEMENT_SYMBOL, FUEL_ROAD_NUMBER) VALUES (1.33, 'Al', 2);
    INSERT INTO CONTAINED (IN_FUEL_ROAD_PERSENT, ELEMENT_SYMBOL, FUEL_ROAD_NUMBER) VALUES (1.3199999999999985, 'Al', 2);
    INSERT INTO CONTAINED (IN_FUEL_ROAD_PERSENT, ELEMENT_SYMBOL, FUEL_ROAD_NUMBER) VALUES (28.53, 'Ar', 3);
    INSERT INTO CONTAINED (IN_FUEL_ROAD_PERSENT, ELEMENT_SYMBOL, FUEL_ROAD_NUMBER) VALUES (35.43000000000001, 'H', 3);
    INSERT INTO CONTAINED (IN_FUEL_ROAD_PERSENT, ELEMENT_SYMBOL, FUEL_ROAD_NUMBER) VALUES (36.04, 'P', 3);
    INSERT INTO CONTAINED (IN_FUEL_ROAD_PERSENT, ELEMENT_SYMBOL, FUEL_ROAD_NUMBER) VALUES (30.600000000000001, 'Cl', 4);
    INSERT INTO CONTAINED (IN_FUEL_ROAD_PERSENT, ELEMENT_SYMBOL, FUEL_ROAD_NUMBER) VALUES (22.36, 'Mg', 4);
    INSERT INTO CONTAINED (IN_FUEL_ROAD_PERSENT, ELEMENT_SYMBOL, FUEL_ROAD_NUMBER) VALUES (47.040000000000006, 'O', 4);
    INSERT INTO CONTAINED (IN_FUEL_ROAD_PERSENT, ELEMENT_SYMBOL, FUEL_ROAD_NUMBER) VALUES (52.89, 'Be', 5);
    INSERT INTO CONTAINED (IN_FUEL_ROAD_PERSENT, ELEMENT_SYMBOL, FUEL_ROAD_NUMBER) VALUES (23.33, 'He', 5);
    INSERT INTO CONTAINED (IN_FUEL_ROAD_PERSENT, ELEMENT_SYMBOL, FUEL_ROAD_NUMBER) VALUES (2.21, 'S', 5);
    INSERT INTO CONTAINED (IN_FUEL_ROAD_PERSENT, ELEMENT_SYMBOL, FUEL_ROAD_NUMBER) VALUES (21.57, 'Cm', 5);
    INSERT INTO CONTAINED (IN_FUEL_ROAD_PERSENT, ELEMENT_SYMBOL, FUEL_ROAD_NUMBER) VALUES (77.31, 'Li', 6);
    INSERT INTO CONTAINED (IN_FUEL_ROAD_PERSENT, ELEMENT_SYMBOL, FUEL_ROAD_NUMBER) VALUES (2.93, 'Ca', 6);
    INSERT INTO CONTAINED (IN_FUEL_ROAD_PERSENT, ELEMENT_SYMBOL, FUEL_ROAD_NUMBER) VALUES (19.759999999999998, 'Li', 6);
    INSERT INTO CONTAINED (IN_FUEL_ROAD_PERSENT, ELEMENT_SYMBOL, FUEL_ROAD_NUMBER) VALUES (69.16, 'Eu', 7);
    INSERT INTO CONTAINED (IN_FUEL_ROAD_PERSENT, ELEMENT_SYMBOL, FUEL_ROAD_NUMBER) VALUES (18.52, 'O', 7);
    INSERT INTO CONTAINED (IN_FUEL_ROAD_PERSENT, ELEMENT_SYMBOL, FUEL_ROAD_NUMBER) VALUES (9.01, 'Gd', 7);
    INSERT INTO CONTAINED (IN_FUEL_ROAD_PERSENT, ELEMENT_SYMBOL, FUEL_ROAD_NUMBER) VALUES (1.77, 'Si', 7);
    INSERT INTO CONTAINED (IN_FUEL_ROAD_PERSENT, ELEMENT_SYMBOL, FUEL_ROAD_NUMBER) VALUES (1.540000000000004, 'Cl', 7);
    INSERT INTO CONTAINED (IN_FUEL_ROAD_PERSENT, ELEMENT_SYMBOL, FUEL_ROAD_NUMBER) VALUES (55.48, 'Mg', 8);
    INSERT INTO CONTAINED (IN_FUEL_ROAD_PERSENT, ELEMENT_SYMBOL, FUEL_ROAD_NUMBER) VALUES (12.69, 'Gd', 8);
    INSERT INTO CONTAINED (IN_FUEL_ROAD_PERSENT, ELEMENT_SYMBOL, FUEL_ROAD_NUMBER) VALUES (5.03, 'Mg', 8);
    INSERT INTO CONTAINED (IN_FUEL_ROAD_PERSENT, ELEMENT_SYMBOL, FUEL_ROAD_NUMBER) VALUES (12.06, 'He', 8);
    INSERT INTO CONTAINED (IN_FUEL_ROAD_PERSENT, ELEMENT_SYMBOL, FUEL_ROAD_NUMBER) VALUES (14.740000000000004, 'C', 8);
    INSERT INTO CONTAINED (IN_FUEL_ROAD_PERSENT, ELEMENT_SYMBOL, FUEL_ROAD_NUMBER) VALUES (51.93, 'Ne', 9);
    INSERT INTO CONTAINED (IN_FUEL_ROAD_PERSENT, ELEMENT_SYMBOL, FUEL_ROAD_NUMBER) VALUES (22.8, 'Pu', 9);
    INSERT INTO CONTAINED (IN_FUEL_ROAD_PERSENT, ELEMENT_SYMBOL, FUEL_ROAD_NUMBER) VALUES (25.27, 'Ne', 9);
    INSERT INTO CONTAINED (IN_FUEL_ROAD_PERSENT, ELEMENT_SYMBOL, FUEL_ROAD_NUMBER) VALUES (48.09000000000001, 'Ar', 10);
    INSERT INTO CONTAINED (IN_FUEL_ROAD_PERSENT, ELEMENT_SYMBOL, FUEL_ROAD_NUMBER) VALUES (51.9100000000000005, 'K', 10);
    INSERT INTO CONTAINED (IN_FUEL_ROAD_PERSENT, ELEMENT_SYMBOL, FUEL_ROAD_NUMBER) VALUES (27.940000001, 'Ca', 11);
    INSERT INTO CONTAINED (IN_FUEL_ROAD_PERSENT, ELEMENT_SYMBOL, FUEL_ROAD_NUMBER) VALUES (49.74, 'Am', 11);
    INSERT INTO CONTAINED (IN_FUEL_ROAD_PERSENT, ELEMENT_SYMBOL, FUEL_ROAD_NUMBER) VALUES (4.26, 'U', 11);
    INSERT INTO CONTAINED (IN_FUEL_ROAD_PERSENT, ELEMENT_SYMBOL, FUEL_ROAD_NUMBER) VALUES (16.06, 'B', 11);
    INSERT INTO CONTAINED (IN_FUEL_ROAD_PERSENT, ELEMENT_SYMBOL, FUEL_ROAD_NUMBER) VALUES (2.0000000000000036, 'Cm', 11);
    INSERT INTO CONTAINED (IN_FUEL_ROAD_PERSENT, ELEMENT_SYMBOL, FUEL_ROAD_NUMBER) VALUES (27.71, 'He', 12);
    INSERT INTO CONTAINED (IN_FUEL_ROAD_PERSENT, ELEMENT_SYMBOL, FUEL_ROAD_NUMBER) VALUES (36.01, 'K', 12);
    INSERT INTO CONTAINED (IN_FUEL_ROAD_PERSENT, ELEMENT_SYMBOL, FUEL_ROAD_NUMBER) VALUES (36.279999999999994, 'P', 12);
    INSERT INTO CONTAINED (IN_FUEL_ROAD_PERSENT, ELEMENT_SYMBOL, FUEL_ROAD_NUMBER) VALUES (48.69, 'K', 13);
    INSERT INTO CONTAINED (IN_FUEL_ROAD_PERSENT, ELEMENT_SYMBOL, FUEL_ROAD_NUMBER) VALUES (25.76, 'Ca', 13);
    INSERT INTO CONTAINED (IN_FUEL_ROAD_PERSENT, ELEMENT_SYMBOL, FUEL_ROAD_NUMBER) VALUES (13.9900000000006, 'Gd', 13);
    INSERT INTO CONTAINED (IN_FUEL_ROAD_PERSENT, ELEMENT_SYMBOL, FUEL_ROAD_NUMBER) VALUES (11.5600000000005, 'Cm', 13);
    INSERT INTO CONTAINED (IN_FUEL_ROAD_PERSENT, ELEMENT_SYMBOL, FUEL_ROAD_NUMBER) VALUES (67.68, 'H', 14);
    INSERT INTO CONTAINED (IN_FUEL_ROAD_PERSENT, ELEMENT_SYMBOL, FUEL_ROAD_NUMBER) VALUES (32.31999999999999, 'K', 14);
    INSERT INTO CONTAINED (IN_FUEL_ROAD_PERSENT, ELEMENT_SYMBOL, FUEL_ROAD_NUMBER) VALUES (58.81, 'Al', 15);
    INSERT INTO CONTAINED (IN_FUEL_ROAD_PERSENT, ELEMENT_SYMBOL, FUEL_ROAD_NUMBER) VALUES (15.91, 'Pu', 15);
    INSERT INTO CONTAINED (IN_FUEL_ROAD_PERSENT, ELEMENT_SYMBOL, FUEL_ROAD_NUMBER) VALUES (25.279999999999998, 'Mg', 15);
    INSERT INTO CONTAINED (IN_FUEL_ROAD_PERSENT, ELEMENT_SYMBOL, FUEL_ROAD_NUMBER) VALUES (84.45, 'Ca', 16);
    INSERT INTO CONTAINED (IN_FUEL_ROAD_PERSENT, ELEMENT_SYMBOL, FUEL_ROAD_NUMBER) VALUES (5.440000000000001, 'U', 16);
    INSERT INTO CONTAINED (IN_FUEL_ROAD_PERSENT, ELEMENT_SYMBOL, FUEL_ROAD_NUMBER) VALUES (9.0400000000001, 'S', 16);
    INSERT INTO CONTAINED (IN_FUEL_ROAD_PERSENT, ELEMENT_SYMBOL, FUEL_ROAD_NUMBER) VALUES (1.0699999999999967, 'Th', 16);
    INSERT INTO CONTAINED (IN_FUEL_ROAD_PERSENT, ELEMENT_SYMBOL, FUEL_ROAD_NUMBER) VALUES (87.460000000023, 'Mg', 17);
    INSERT INTO CONTAINED (IN_FUEL_ROAD_PERSENT, ELEMENT_SYMBOL, FUEL_ROAD_NUMBER) VALUES (8.89000000002, 'Al', 17);
    INSERT INTO CONTAINED (IN_FUEL_ROAD_PERSENT, ELEMENT_SYMBOL, FUEL_ROAD_NUMBER) VALUES (3.6500000000000057, 'Ne', 17);
    INSERT INTO CONTAINED (IN_FUEL_ROAD_PERSENT, ELEMENT_SYMBOL, FUEL_ROAD_NUMBER) VALUES (64.17, 'Th', 18);
    INSERT INTO CONTAINED (IN_FUEL_ROAD_PERSENT, ELEMENT_SYMBOL, FUEL_ROAD_NUMBER) VALUES (25.8, 'Th', 18);
    INSERT INTO CONTAINED (IN_FUEL_ROAD_PERSENT, ELEMENT_SYMBOL, FUEL_ROAD_NUMBER) VALUES (7.45, 'Pu', 18);
    INSERT INTO CONTAINED (IN_FUEL_ROAD_PERSENT, ELEMENT_SYMBOL, FUEL_ROAD_NUMBER) VALUES (2.5799999999999974, 'Si', 18);
    INSERT INTO CONTAINED (IN_FUEL_ROAD_PERSENT, ELEMENT_SYMBOL, FUEL_ROAD_NUMBER) VALUES (1.11, 'C', 19);
    INSERT INTO CONTAINED (IN_FUEL_ROAD_PERSENT, ELEMENT_SYMBOL, FUEL_ROAD_NUMBER) VALUES (49.94, 'Ca', 19);
    INSERT INTO CONTAINED (IN_FUEL_ROAD_PERSENT, ELEMENT_SYMBOL, FUEL_ROAD_NUMBER) VALUES (48.95, 'Cm', 19);
    INSERT INTO CONTAINED (IN_FUEL_ROAD_PERSENT, ELEMENT_SYMBOL, FUEL_ROAD_NUMBER) VALUES (12.04, 'Cm', 20);
    INSERT INTO CONTAINED (IN_FUEL_ROAD_PERSENT, ELEMENT_SYMBOL, FUEL_ROAD_NUMBER) VALUES (1.16, 'Mg', 20);
    INSERT INTO CONTAINED (IN_FUEL_ROAD_PERSENT, ELEMENT_SYMBOL, FUEL_ROAD_NUMBER) VALUES (86.80000000000001, 'Na', 20);
    INSERT INTO CONTAINED (IN_FUEL_ROAD_PERSENT, ELEMENT_SYMBOL, FUEL_ROAD_NUMBER) VALUES (19.15, 'H', 21);
    INSERT INTO CONTAINED (IN_FUEL_ROAD_PERSENT, ELEMENT_SYMBOL, FUEL_ROAD_NUMBER) VALUES (74.68, 'K', 21);
    INSERT INTO CONTAINED (IN_FUEL_ROAD_PERSENT, ELEMENT_SYMBOL, FUEL_ROAD_NUMBER) VALUES (6.1699999999999875, 'Th', 21);
    INSERT INTO CONTAINED (IN_FUEL_ROAD_PERSENT, ELEMENT_SYMBOL, FUEL_ROAD_NUMBER) VALUES (87.69, 'N', 22);
    INSERT INTO CONTAINED (IN_FUEL_ROAD_PERSENT, ELEMENT_SYMBOL, FUEL_ROAD_NUMBER) VALUES (12.310000000000002, 'Zr', 22);
    INSERT INTO CONTAINED (IN_FUEL_ROAD_PERSENT, ELEMENT_SYMBOL, FUEL_ROAD_NUMBER) VALUES (25.84000004, 'Eu', 23);
    INSERT INTO CONTAINED (IN_FUEL_ROAD_PERSENT, ELEMENT_SYMBOL, FUEL_ROAD_NUMBER) VALUES (74.160000004, 'Gd', 23);
    INSERT INTO CONTAINED (IN_FUEL_ROAD_PERSENT, ELEMENT_SYMBOL, FUEL_ROAD_NUMBER) VALUES (49.4200000003, 'Th', 24);
    INSERT INTO CONTAINED (IN_FUEL_ROAD_PERSENT, ELEMENT_SYMBOL, FUEL_ROAD_NUMBER) VALUES (33.8700003, 'Ar', 24);
    INSERT INTO CONTAINED (IN_FUEL_ROAD_PERSENT, ELEMENT_SYMBOL, FUEL_ROAD_NUMBER) VALUES (13.410002, 'K', 24);
    INSERT INTO CONTAINED (IN_FUEL_ROAD_PERSENT, ELEMENT_SYMBOL, FUEL_ROAD_NUMBER) VALUES (3.3000000000000007, 'Li', 24);
    INSERT INTO CONTAINED (IN_FUEL_ROAD_PERSENT, ELEMENT_SYMBOL, FUEL_ROAD_NUMBER) VALUES (2.72, 'S', 25);
    INSERT INTO CONTAINED (IN_FUEL_ROAD_PERSENT, ELEMENT_SYMBOL, FUEL_ROAD_NUMBER) VALUES (29.39000002, 'Pu', 25);
    INSERT INTO CONTAINED (IN_FUEL_ROAD_PERSENT, ELEMENT_SYMBOL, FUEL_ROAD_NUMBER) VALUES (58.7700004, 'H', 25);
    INSERT INTO CONTAINED (IN_FUEL_ROAD_PERSENT, ELEMENT_SYMBOL, FUEL_ROAD_NUMBER) VALUES (1.970000000002, 'Al', 25);
    INSERT INTO CONTAINED (IN_FUEL_ROAD_PERSENT, ELEMENT_SYMBOL, FUEL_ROAD_NUMBER) VALUES (7.149999999999998, 'C', 25);
    INSERT INTO POWERUNIT_ASSESSMENT (POWERUNIT_ASSESSMENT_DATE, POWERUNIT_NUMBER, EMPLOYEE_ID, POWERUNIT_ASSESSMENT_ENERGY_GENERATION_ASSESSMENT, POWERUNIT_ASSESSMENT_CONDITION) VALUES ('2023-02-24 15:47:15.939754', 3, 2, 456661, 8);
    INSERT INTO POWERUNIT_ASSESSMENT (POWERUNIT_ASSESSMENT_DATE, POWERUNIT_NUMBER, EMPLOYEE_ID, POWERUNIT_ASSESSMENT_ENERGY_GENERATION_ASSESSMENT, POWERUNIT_ASSESSMENT_CONDITION) VALUES ('2024-11-21 00:06:12.988992', 1, 2, 666541, 1);
    INSERT INTO POWERUNIT_ASSESSMENT (POWERUNIT_ASSESSMENT_DATE, POWERUNIT_NUMBER, EMPLOYEE_ID, POWERUNIT_ASSESSMENT_ENERGY_GENERATION_ASSESSMENT, POWERUNIT_ASSESSMENT_CONDITION) VALUES ('2023-07-20 18:49:02.119056', 3, 2, 451004, 5);
    INSERT INTO POWERUNIT_ASSESSMENT (POWERUNIT_ASSESSMENT_DATE, POWERUNIT_NUMBER, EMPLOYEE_ID, POWERUNIT_ASSESSMENT_ENERGY_GENERATION_ASSESSMENT, POWERUNIT_ASSESSMENT_CONDITION) VALUES ('2021-01-25 16:16:54.400917', 4, 2, 915138, 8);
    INSERT INTO POWERUNIT_ASSESSMENT (POWERUNIT_ASSESSMENT_DATE, POWERUNIT_NUMBER, EMPLOYEE_ID, POWERUNIT_ASSESSMENT_ENERGY_GENERATION_ASSESSMENT, POWERUNIT_ASSESSMENT_CONDITION) VALUES ('2023-01-28 02:02:28.717704', 3, 2, 209227, 5);
    INSERT INTO POWERUNIT_ASSESSMENT (POWERUNIT_ASSESSMENT_DATE, POWERUNIT_NUMBER, EMPLOYEE_ID, POWERUNIT_ASSESSMENT_ENERGY_GENERATION_ASSESSMENT, POWERUNIT_ASSESSMENT_CONDITION) VALUES ('2020-06-01 12:22:33.677984', 1, 2, 248163, 9);
    INSERT INTO POWERUNIT_ASSESSMENT (POWERUNIT_ASSESSMENT_DATE, POWERUNIT_NUMBER, EMPLOYEE_ID, POWERUNIT_ASSESSMENT_ENERGY_GENERATION_ASSESSMENT, POWERUNIT_ASSESSMENT_CONDITION) VALUES ('2024-11-25 02:00:25.527686', 1, 2, 774931, 6);
    INSERT INTO POWERUNIT_ASSESSMENT (POWERUNIT_ASSESSMENT_DATE, POWERUNIT_NUMBER, EMPLOYEE_ID, POWERUNIT_ASSESSMENT_ENERGY_GENERATION_ASSESSMENT, POWERUNIT_ASSESSMENT_CONDITION) VALUES ('2024-11-21 18:12:21.809155', 2, 2, 379551, 1);
    INSERT INTO POWERUNIT_ASSESSMENT (POWERUNIT_ASSESSMENT_DATE, POWERUNIT_NUMBER, EMPLOYEE_ID, POWERUNIT_ASSESSMENT_ENERGY_GENERATION_ASSESSMENT, POWERUNIT_ASSESSMENT_CONDITION) VALUES ('2022-04-15 13:03:48.786853', 2, 2, 866260, 8);
    INSERT INTO POWERUNIT_ASSESSMENT (POWERUNIT_ASSESSMENT_DATE, POWERUNIT_NUMBER, EMPLOYEE_ID, POWERUNIT_ASSESSMENT_ENERGY_GENERATION_ASSESSMENT, POWERUNIT_ASSESSMENT_CONDITION) VALUES ('2021-03-06 22:28:15.814343', 2, 2, 559550, 8);
    INSERT INTO POWERUNIT_ASSESSMENT (POWERUNIT_ASSESSMENT_DATE, POWERUNIT_NUMBER, EMPLOYEE_ID, POWERUNIT_ASSESSMENT_ENERGY_GENERATION_ASSESSMENT, POWERUNIT_ASSESSMENT_CONDITION) VALUES ('2020-10-02 03:52:16.453696', 4, 2, 536659, 5);
    INSERT INTO POWERUNIT_ASSESSMENT (POWERUNIT_ASSESSMENT_DATE, POWERUNIT_NUMBER, EMPLOYEE_ID, POWERUNIT_ASSESSMENT_ENERGY_GENERATION_ASSESSMENT, POWERUNIT_ASSESSMENT_CONDITION) VALUES ('2024-07-04 01:42:06.524869', 3, 2, 858899, 5);
    INSERT INTO POWERUNIT_ASSESSMENT (POWERUNIT_ASSESSMENT_DATE, POWERUNIT_NUMBER, EMPLOYEE_ID, POWERUNIT_ASSESSMENT_ENERGY_GENERATION_ASSESSMENT, POWERUNIT_ASSESSMENT_CONDITION) VALUES ('2021-03-20 10:49:27.556646', 2, 2, 944914, 5);
    INSERT INTO POWERUNIT_ASSESSMENT (POWERUNIT_ASSESSMENT_DATE, POWERUNIT_NUMBER, EMPLOYEE_ID, POWERUNIT_ASSESSMENT_ENERGY_GENERATION_ASSESSMENT, POWERUNIT_ASSESSMENT_CONDITION) VALUES ('2021-06-11 16:29:39.122485', 4, 2, 319643, 6);
    INSERT INTO POWERUNIT_ASSESSMENT (POWERUNIT_ASSESSMENT_DATE, POWERUNIT_NUMBER, EMPLOYEE_ID, POWERUNIT_ASSESSMENT_ENERGY_GENERATION_ASSESSMENT, POWERUNIT_ASSESSMENT_CONDITION) VALUES ('2024-02-01 21:21:43.698497', 2, 2, 771053, 3);
    INSERT INTO POWERUNIT_ASSESSMENT (POWERUNIT_ASSESSMENT_DATE, POWERUNIT_NUMBER, EMPLOYEE_ID, POWERUNIT_ASSESSMENT_ENERGY_GENERATION_ASSESSMENT, POWERUNIT_ASSESSMENT_CONDITION) VALUES ('2021-03-07 09:26:24.903936', 4, 2, 113918, 7);
    INSERT INTO POWERUNIT_ASSESSMENT (POWERUNIT_ASSESSMENT_DATE, POWERUNIT_NUMBER, EMPLOYEE_ID, POWERUNIT_ASSESSMENT_ENERGY_GENERATION_ASSESSMENT, POWERUNIT_ASSESSMENT_CONDITION) VALUES ('2023-01-10 22:29:33.711867', 4, 2, 357395, 1);
    INSERT INTO POWERUNIT_ASSESSMENT (POWERUNIT_ASSESSMENT_DATE, POWERUNIT_NUMBER, EMPLOYEE_ID, POWERUNIT_ASSESSMENT_ENERGY_GENERATION_ASSESSMENT, POWERUNIT_ASSESSMENT_CONDITION) VALUES ('2024-01-26 08:37:04.994830', 2, 2, 417502, 9);
    INSERT INTO POWERUNIT_ASSESSMENT (POWERUNIT_ASSESSMENT_DATE, POWERUNIT_NUMBER, EMPLOYEE_ID, POWERUNIT_ASSESSMENT_ENERGY_GENERATION_ASSESSMENT, POWERUNIT_ASSESSMENT_CONDITION) VALUES ('2024-06-27 03:10:03.931069', 1, 2, 805674, 1);
    INSERT INTO POWERUNIT_ASSESSMENT (POWERUNIT_ASSESSMENT_DATE, POWERUNIT_NUMBER, EMPLOYEE_ID, POWERUNIT_ASSESSMENT_ENERGY_GENERATION_ASSESSMENT, POWERUNIT_ASSESSMENT_CONDITION) VALUES ('2023-12-20 22:31:01.100535', 1, 2, 382817, 10);
    INSERT INTO POWERUNIT_ASSESSMENT (POWERUNIT_ASSESSMENT_DATE, POWERUNIT_NUMBER, EMPLOYEE_ID, POWERUNIT_ASSESSMENT_ENERGY_GENERATION_ASSESSMENT, POWERUNIT_ASSESSMENT_CONDITION) VALUES ('2024-02-16 04:04:17.020298', 4, 2, 649001, 6);
    INSERT INTO POWERUNIT_ASSESSMENT (POWERUNIT_ASSESSMENT_DATE, POWERUNIT_NUMBER, EMPLOYEE_ID, POWERUNIT_ASSESSMENT_ENERGY_GENERATION_ASSESSMENT, POWERUNIT_ASSESSMENT_CONDITION) VALUES ('2021-04-10 10:28:47.363328', 1, 2, 559180, 2);
    INSERT INTO POWERUNIT_ASSESSMENT (POWERUNIT_ASSESSMENT_DATE, POWERUNIT_NUMBER, EMPLOYEE_ID, POWERUNIT_ASSESSMENT_ENERGY_GENERATION_ASSESSMENT, POWERUNIT_ASSESSMENT_CONDITION) VALUES ('2021-12-24 16:47:35.770495', 3, 2, 680528, 1);
    INSERT INTO POWERUNIT_ASSESSMENT (POWERUNIT_ASSESSMENT_DATE, POWERUNIT_NUMBER, EMPLOYEE_ID, POWERUNIT_ASSESSMENT_ENERGY_GENERATION_ASSESSMENT, POWERUNIT_ASSESSMENT_CONDITION) VALUES ('2020-12-13 10:25:39.492939', 2, 2, 675542, 5);
    INSERT INTO POWERUNIT_ASSESSMENT (POWERUNIT_ASSESSMENT_DATE, POWERUNIT_NUMBER, EMPLOYEE_ID, POWERUNIT_ASSESSMENT_ENERGY_GENERATION_ASSESSMENT, POWERUNIT_ASSESSMENT_CONDITION) VALUES ('2023-11-24 16:45:43.203807', 1, 2, 132340, 3);
    INSERT INTO EVENT (EVENT_ID, EVENT_DESCRIPTION, EVENT_DANGER_LEVEL, EVENT_TYPE) VALUES (1, 'Выброс значительного количества радиоактивных продуктов, острые лучевые поражения, влияние на здоровье населения.', 7, 'Глобальная авария');
    INSERT INTO EVENT (EVENT_ID, EVENT_DESCRIPTION, EVENT_DANGER_LEVEL, EVENT_TYPE) VALUES (2, 'Выброс значительного количества радиоактивных продуктов, необходимость эвакуации населения в радиусе 25 км.', 6, 'Тяжелая авария');
    INSERT INTO EVENT (EVENT_ID, EVENT_DESCRIPTION, EVENT_DANGER_LEVEL, EVENT_TYPE) VALUES (3, 'Разрушение активной зоны, частичное введение защитных мер.', 5, 'Авария с риском для окружающей среды');
    INSERT INTO EVENT (EVENT_ID, EVENT_DESCRIPTION, EVENT_DANGER_LEVEL, EVENT_TYPE) VALUES (4, 'Повреждение активной зоны, облучение работающих.', 4, 'Авария в пределах АЭС');
    INSERT INTO EVENT (EVENT_ID, EVENT_DESCRIPTION, EVENT_DANGER_LEVEL, EVENT_TYPE) VALUES (5, 'Высокие уровни радиации, значительное переоблучение работающих, без защитных мер за пределами площадки.', 3, 'Серьезное происшествие');
    INSERT INTO EVENT (EVENT_ID, EVENT_DESCRIPTION, EVENT_DANGER_LEVEL, EVENT_TYPE) VALUES (6, 'Отказы оборудования, возможные переоценки мер безопасности.', 2, 'Происшествие средней тяжести');
    INSERT INTO EVENT (EVENT_ID, EVENT_DESCRIPTION, EVENT_DANGER_LEVEL, EVENT_TYPE) VALUES (7, 'Функциональные отклонения, не представляющие риска.', 1, 'Незначительное происшествие');
    INSERT INTO EVENT (EVENT_ID, EVENT_DESCRIPTION, EVENT_DANGER_LEVEL, EVENT_TYPE) VALUES (8, 'Осмотр и проверка оборудования', 1, 'Регулярное');
    INSERT INTO EVENT (EVENT_ID, EVENT_DESCRIPTION, EVENT_DANGER_LEVEL, EVENT_TYPE) VALUES (9, 'Замена ТВЭЛов', 1, 'Регулярное');
    INSERT INTO EVENT (EVENT_ID, EVENT_DESCRIPTION, EVENT_DANGER_LEVEL, EVENT_TYPE) VALUES (10, 'Плановая проверка систем безопасности', 1, 'Регулярное');
    INSERT INTO EVENT (EVENT_ID, EVENT_DESCRIPTION, EVENT_DANGER_LEVEL, EVENT_TYPE) VALUES (11, 'Техническое обслуживание генераторов', 1, 'Регулярное');
    INSERT INTO SUBSYSTEM_CONDITION (SUBSYSTEM_CONDITION_DATE, EVENT_ID, SUBSYSTEM_ID, EMPLOYEE_ID, SUBSYSTEM_CONDITION_TECHNICAL, SUBSYSTEM_CONDITION_TEMPERATURE) VALUES ('2024-09-01 03:14:13.704502', 11, 9, 2, 'неисправен', 82.54);
    INSERT INTO SUBSYSTEM_CONDITION (SUBSYSTEM_CONDITION_DATE, EVENT_ID, SUBSYSTEM_ID, EMPLOYEE_ID, SUBSYSTEM_CONDITION_TECHNICAL, SUBSYSTEM_CONDITION_TEMPERATURE) VALUES ('2023-05-12 08:55:04.285422', 9, 7, 2, 'неисправен', 62.49);
    INSERT INTO SUBSYSTEM_CONDITION (SUBSYSTEM_CONDITION_DATE, EVENT_ID, SUBSYSTEM_ID, EMPLOYEE_ID, SUBSYSTEM_CONDITION_TECHNICAL, SUBSYSTEM_CONDITION_TEMPERATURE) VALUES ('2022-12-14 01:56:56.955482', 5, 1, 2, 'неисправен', 39.26);
    INSERT INTO SUBSYSTEM_CONDITION (SUBSYSTEM_CONDITION_DATE, EVENT_ID, SUBSYSTEM_ID, EMPLOYEE_ID, SUBSYSTEM_CONDITION_TECHNICAL, SUBSYSTEM_CONDITION_TEMPERATURE) VALUES ('2020-01-26 14:44:12.013879', 3, 12, 2, 'неисправен', 29.3);
    INSERT INTO SUBSYSTEM_CONDITION (SUBSYSTEM_CONDITION_DATE, EVENT_ID, SUBSYSTEM_ID, EMPLOYEE_ID, SUBSYSTEM_CONDITION_TECHNICAL, SUBSYSTEM_CONDITION_TEMPERATURE) VALUES ('2020-05-03 20:58:52.069582', 10, 9, 2, 'исправен', 22.58);
    INSERT INTO SUBSYSTEM_CONDITION (SUBSYSTEM_CONDITION_DATE, EVENT_ID, SUBSYSTEM_ID, EMPLOYEE_ID, SUBSYSTEM_CONDITION_TECHNICAL, SUBSYSTEM_CONDITION_TEMPERATURE) VALUES ('2022-07-01 17:36:27.837439', 3, 13, 2, 'исправен', 56.07);
    INSERT INTO SUBSYSTEM_CONDITION (SUBSYSTEM_CONDITION_DATE, EVENT_ID, SUBSYSTEM_ID, EMPLOYEE_ID, SUBSYSTEM_CONDITION_TECHNICAL, SUBSYSTEM_CONDITION_TEMPERATURE) VALUES ('2021-05-10 08:39:06.965251', 9, 1, 2, 'исправен', 47.38);
    INSERT INTO SUBSYSTEM_CONDITION (SUBSYSTEM_CONDITION_DATE, EVENT_ID, SUBSYSTEM_ID, EMPLOYEE_ID, SUBSYSTEM_CONDITION_TECHNICAL, SUBSYSTEM_CONDITION_TEMPERATURE) VALUES ('2021-09-14 14:23:44.844042', 10, 13, 2, 'исправен', 98.02);
    INSERT INTO SUBSYSTEM_CONDITION (SUBSYSTEM_CONDITION_DATE, EVENT_ID, SUBSYSTEM_ID, EMPLOYEE_ID, SUBSYSTEM_CONDITION_TECHNICAL, SUBSYSTEM_CONDITION_TEMPERATURE) VALUES ('2022-11-17 12:06:46.407696', 4, 6, 2, 'исправен', 96.96);
    INSERT INTO SUBSYSTEM_CONDITION (SUBSYSTEM_CONDITION_DATE, EVENT_ID, SUBSYSTEM_ID, EMPLOYEE_ID, SUBSYSTEM_CONDITION_TECHNICAL, SUBSYSTEM_CONDITION_TEMPERATURE) VALUES ('2024-03-04 21:47:40.867293', 4, 6, 2, 'исправен', 20.88);
    INSERT INTO SUBSYSTEM_CONDITION (SUBSYSTEM_CONDITION_DATE, EVENT_ID, SUBSYSTEM_ID, EMPLOYEE_ID, SUBSYSTEM_CONDITION_TECHNICAL, SUBSYSTEM_CONDITION_TEMPERATURE) VALUES ('2022-04-08 14:02:36.401139', 1, 2, 2, 'неисправен', 86.91);
    INSERT INTO SUBSYSTEM_CONDITION (SUBSYSTEM_CONDITION_DATE, EVENT_ID, SUBSYSTEM_ID, EMPLOYEE_ID, SUBSYSTEM_CONDITION_TECHNICAL, SUBSYSTEM_CONDITION_TEMPERATURE) VALUES ('2024-10-13 18:44:55.747232', 8, 12, 2, 'исправен', 64.26);
    INSERT INTO SUBSYSTEM_CONDITION (SUBSYSTEM_CONDITION_DATE, EVENT_ID, SUBSYSTEM_ID, EMPLOYEE_ID, SUBSYSTEM_CONDITION_TECHNICAL, SUBSYSTEM_CONDITION_TEMPERATURE) VALUES ('2023-06-26 22:58:41.240791', 1, 7, 2, 'исправен', 87.63);
    INSERT INTO SUBSYSTEM_CONDITION (SUBSYSTEM_CONDITION_DATE, EVENT_ID, SUBSYSTEM_ID, EMPLOYEE_ID, SUBSYSTEM_CONDITION_TECHNICAL, SUBSYSTEM_CONDITION_TEMPERATURE) VALUES ('2022-04-11 11:57:44.812096', 10, 13, 2, 'неисправен', 76.42);
    INSERT INTO SUBSYSTEM_CONDITION (SUBSYSTEM_CONDITION_DATE, EVENT_ID, SUBSYSTEM_ID, EMPLOYEE_ID, SUBSYSTEM_CONDITION_TECHNICAL, SUBSYSTEM_CONDITION_TEMPERATURE) VALUES ('2024-12-16 17:13:57.421700', 8, 16, 2, 'исправен', 45.05);
    INSERT INTO SUBSYSTEM_CONDITION (SUBSYSTEM_CONDITION_DATE, EVENT_ID, SUBSYSTEM_ID, EMPLOYEE_ID, SUBSYSTEM_CONDITION_TECHNICAL, SUBSYSTEM_CONDITION_TEMPERATURE) VALUES ('2021-11-25 22:20:07.403086', 4, 11, 2, 'исправен', 58.31);
    INSERT INTO SUBSYSTEM_CONDITION (SUBSYSTEM_CONDITION_DATE, EVENT_ID, SUBSYSTEM_ID, EMPLOYEE_ID, SUBSYSTEM_CONDITION_TECHNICAL, SUBSYSTEM_CONDITION_TEMPERATURE) VALUES ('2020-02-10 13:42:34.519764', 10, 10, 2, 'исправен', 20.62);
    INSERT INTO SUBSYSTEM_CONDITION (SUBSYSTEM_CONDITION_DATE, EVENT_ID, SUBSYSTEM_ID, EMPLOYEE_ID, SUBSYSTEM_CONDITION_TECHNICAL, SUBSYSTEM_CONDITION_TEMPERATURE) VALUES ('2024-07-03 01:23:38.535927', 7, 15, 2, 'исправен', 52.55);
    INSERT INTO SUBSYSTEM_CONDITION (SUBSYSTEM_CONDITION_DATE, EVENT_ID, SUBSYSTEM_ID, EMPLOYEE_ID, SUBSYSTEM_CONDITION_TECHNICAL, SUBSYSTEM_CONDITION_TEMPERATURE) VALUES ('2021-02-04 08:04:17.576309', 5, 11, 2, 'неисправен', 76.84);
    INSERT INTO SUBSYSTEM_CONDITION (SUBSYSTEM_CONDITION_DATE, EVENT_ID, SUBSYSTEM_ID, EMPLOYEE_ID, SUBSYSTEM_CONDITION_TECHNICAL, SUBSYSTEM_CONDITION_TEMPERATURE) VALUES ('2020-05-09 03:13:59.390246', 3, 2, 2, 'неисправен', 42.6);
    INSERT INTO SUBSYSTEM_CONDITION (SUBSYSTEM_CONDITION_DATE, EVENT_ID, SUBSYSTEM_ID, EMPLOYEE_ID, SUBSYSTEM_CONDITION_TECHNICAL, SUBSYSTEM_CONDITION_TEMPERATURE) VALUES ('2021-01-29 16:55:02.496198', 1, 12, 2, 'неисправен', 31.07);
    INSERT INTO SUBSYSTEM_CONDITION (SUBSYSTEM_CONDITION_DATE, EVENT_ID, SUBSYSTEM_ID, EMPLOYEE_ID, SUBSYSTEM_CONDITION_TECHNICAL, SUBSYSTEM_CONDITION_TEMPERATURE) VALUES ('2023-08-07 16:10:33.115726', 3, 12, 2, 'исправен', 94.5);
    INSERT INTO SUBSYSTEM_CONDITION (SUBSYSTEM_CONDITION_DATE, EVENT_ID, SUBSYSTEM_ID, EMPLOYEE_ID, SUBSYSTEM_CONDITION_TECHNICAL, SUBSYSTEM_CONDITION_TEMPERATURE) VALUES ('2024-02-09 21:24:03.875087', 4, 13, 2, 'исправен', 72.32);
    INSERT INTO SUBSYSTEM_CONDITION (SUBSYSTEM_CONDITION_DATE, EVENT_ID, SUBSYSTEM_ID, EMPLOYEE_ID, SUBSYSTEM_CONDITION_TECHNICAL, SUBSYSTEM_CONDITION_TEMPERATURE) VALUES ('2024-01-08 13:06:03.137739', 2, 2, 2, 'неисправен', 34.8);
    INSERT INTO SUBSYSTEM_CONDITION (SUBSYSTEM_CONDITION_DATE, EVENT_ID, SUBSYSTEM_ID, EMPLOYEE_ID, SUBSYSTEM_CONDITION_TECHNICAL, SUBSYSTEM_CONDITION_TEMPERATURE) VALUES ('2021-11-10 09:36:37.399639', 9, 2, 2, 'неисправен', 90.7);
    INSERT INTO UPLOAD (LOAD_DATE, EMPLOYEE_ID, SUBSYSTEM_ID, FUEL_ROAD_NUMBER) VALUES ('2021-08-22 07:51:17.709789', 3, 9, 6);
    INSERT INTO UPLOAD (LOAD_DATE, EMPLOYEE_ID, SUBSYSTEM_ID, FUEL_ROAD_NUMBER) VALUES ('2021-08-24 07:51:17.704280', 3, 1, 4);
    INSERT INTO UPLOAD (LOAD_DATE, EMPLOYEE_ID, SUBSYSTEM_ID, FUEL_ROAD_NUMBER) VALUES ('2021-09-22 07:51:17.765778', 3, 13, 25);
    INSERT INTO UPLOAD (LOAD_DATE, EMPLOYEE_ID, SUBSYSTEM_ID, FUEL_ROAD_NUMBER) VALUES ('2021-09-22 08:51:17.709780', 3, 5, 2);
    INSERT INTO UPLOAD (LOAD_DATE, EMPLOYEE_ID, SUBSYSTEM_ID, FUEL_ROAD_NUMBER) VALUES ('2022-08-20 10:18:49.600580', 3, 5, 7);
    INSERT INTO UPLOAD (LOAD_DATE, EMPLOYEE_ID, SUBSYSTEM_ID, FUEL_ROAD_NUMBER) VALUES ('2023-06-13 11:56:38.556939', 3, 5, 12);
    INSERT INTO UPLOAD (LOAD_DATE, EMPLOYEE_ID, SUBSYSTEM_ID, FUEL_ROAD_NUMBER) VALUES ('2023-06-13 09:56:38.556937', 3, 9, 2);
    INSERT INTO UPLOAD (LOAD_DATE, EMPLOYEE_ID, SUBSYSTEM_ID, FUEL_ROAD_NUMBER) VALUES ('2021-11-01 11:31:15.007436', 3, 1, 12);
    INSERT INTO UPLOAD (LOAD_DATE, EMPLOYEE_ID, SUBSYSTEM_ID, FUEL_ROAD_NUMBER) VALUES ('2020-11-25 20:50:49.204696', 3, 1, 21);
    INSERT INTO UPLOAD (LOAD_DATE, EMPLOYEE_ID, SUBSYSTEM_ID, FUEL_ROAD_NUMBER) VALUES ('2023-05-11 04:45:19.608677', 3, 13, 21);
    INSERT INTO UPLOAD (LOAD_DATE, EMPLOYEE_ID, SUBSYSTEM_ID, FUEL_ROAD_NUMBER) VALUES ('2023-09-13 04:20:18.241152', 3, 5, 18);
    INSERT INTO UPLOAD (LOAD_DATE, EMPLOYEE_ID, SUBSYSTEM_ID, FUEL_ROAD_NUMBER) VALUES ('2023-08-13 04:20:18.241154', 3, 1, 2);
    INSERT INTO UPLOAD (LOAD_DATE, EMPLOYEE_ID, SUBSYSTEM_ID, FUEL_ROAD_NUMBER) VALUES ('2023-08-12 04:20:18.241659', 3, 9, 20);
    INSERT INTO UPLOAD (LOAD_DATE, EMPLOYEE_ID, SUBSYSTEM_ID, FUEL_ROAD_NUMBER) VALUES ('2023-08-14 04:20:18.245252', 3, 13, 2);
    INSERT INTO UPLOAD (LOAD_DATE, EMPLOYEE_ID, SUBSYSTEM_ID, FUEL_ROAD_NUMBER) VALUES ('2020-02-09 13:55:48.490451', 3, 1, 18);
    INSERT INTO UPLOAD (LOAD_DATE, EMPLOYEE_ID, SUBSYSTEM_ID, FUEL_ROAD_NUMBER) VALUES ('2020-02-07 14:55:48.490451', 3, 5, 4);
    INSERT INTO UPLOAD (LOAD_DATE, EMPLOYEE_ID, SUBSYSTEM_ID, FUEL_ROAD_NUMBER) VALUES ('2023-08-05 02:57:53.314454', 3, 1, 12);
    INSERT INTO UPLOAD (LOAD_DATE, EMPLOYEE_ID, SUBSYSTEM_ID, FUEL_ROAD_NUMBER) VALUES ('2023-08-05 00:59:53.314453', 3, 13, 22);
    INSERT INTO UPLOAD (LOAD_DATE, EMPLOYEE_ID, SUBSYSTEM_ID, FUEL_ROAD_NUMBER) VALUES ('2023-08-05 00:57:53.314453', 3, 9, 3);
    INSERT INTO UPLOAD (LOAD_DATE, EMPLOYEE_ID, SUBSYSTEM_ID, FUEL_ROAD_NUMBER) VALUES ('2023-08-05 00:46:53.314453', 3, 5, 13);
    INSERT INTO UPLOAD (LOAD_DATE, EMPLOYEE_ID, SUBSYSTEM_ID, FUEL_ROAD_NUMBER) VALUES ('2021-09-12 07:51:19.968539', 3, 1, 11);
    INSERT INTO UPLOAD (LOAD_DATE, EMPLOYEE_ID, SUBSYSTEM_ID, FUEL_ROAD_NUMBER) VALUES ('2021-09-12 05:47:19.968541', 3, 13, 16);
    INSERT INTO UPLOAD (LOAD_DATE, EMPLOYEE_ID, SUBSYSTEM_ID, FUEL_ROAD_NUMBER) VALUES ('2021-09-12 07:47:19.968540', 3, 5, 16);
    INSERT INTO UPLOAD (LOAD_DATE, EMPLOYEE_ID, SUBSYSTEM_ID, FUEL_ROAD_NUMBER) VALUES ('2021-09-12 10:47:19.948540', 3, 9, 6);
    INSERT INTO UPLOAD (LOAD_DATE, EMPLOYEE_ID, SUBSYSTEM_ID, FUEL_ROAD_NUMBER) VALUES ('2024-09-25 04:43:54.423305', 3, 1, 16);
    INSERT INTO UPLOAD (LOAD_DATE, EMPLOYEE_ID, SUBSYSTEM_ID, FUEL_ROAD_NUMBER) VALUES ('2024-09-25 02:43:54.423234', 3, 5, 9);
    INSERT INTO UPLOAD (LOAD_DATE, EMPLOYEE_ID, SUBSYSTEM_ID, FUEL_ROAD_NUMBER) VALUES ('2024-09-23 04:43:54.423297', 3, 13, 24);
    INSERT INTO UPLOAD (LOAD_DATE, EMPLOYEE_ID, SUBSYSTEM_ID, FUEL_ROAD_NUMBER) VALUES ('2024-09-25 03:43:56.429698', 3, 9, 18);
    INSERT INTO UPLOAD (LOAD_DATE, EMPLOYEE_ID, SUBSYSTEM_ID, FUEL_ROAD_NUMBER) VALUES ('2022-12-18 13:02:34.263067', 3, 5, 3);
    INSERT INTO UPLOAD (LOAD_DATE, EMPLOYEE_ID, SUBSYSTEM_ID, FUEL_ROAD_NUMBER) VALUES ('2022-12-18 13:03:34.263156', 3, 9, 10);
    INSERT INTO UPLOAD (LOAD_DATE, EMPLOYEE_ID, SUBSYSTEM_ID, FUEL_ROAD_NUMBER) VALUES ('2022-12-16 13:02:34.263245', 3, 13, 19);
    INSERT INTO UPLOAD (LOAD_DATE, EMPLOYEE_ID, SUBSYSTEM_ID, FUEL_ROAD_NUMBER) VALUES ('2021-09-23 17:52:29.898763', 3, 9, 11);
    INSERT INTO UPLOAD (LOAD_DATE, EMPLOYEE_ID, SUBSYSTEM_ID, FUEL_ROAD_NUMBER) VALUES ('2021-09-23 17:52:29.884352', 3, 13, 4);
    INSERT INTO UPLOAD (LOAD_DATE, EMPLOYEE_ID, SUBSYSTEM_ID, FUEL_ROAD_NUMBER) VALUES ('2021-09-25 17:48:29.884345', 3, 1, 16);
    INSERT INTO UPLOAD (LOAD_DATE, EMPLOYEE_ID, SUBSYSTEM_ID, FUEL_ROAD_NUMBER) VALUES ('2021-09-24 17:51:29.884347', 3, 5, 9);
    INSERT INTO UPLOAD (LOAD_DATE, EMPLOYEE_ID, SUBSYSTEM_ID, FUEL_ROAD_NUMBER) VALUES ('2021-01-14 04:09:55.668159', 3, 5, 10);
    INSERT INTO UPLOAD (LOAD_DATE, EMPLOYEE_ID, SUBSYSTEM_ID, FUEL_ROAD_NUMBER) VALUES ('2021-01-15 07:11:55.668160', 3, 13, 10);
    INSERT INTO UPLOAD (LOAD_DATE, EMPLOYEE_ID, SUBSYSTEM_ID, FUEL_ROAD_NUMBER) VALUES ('2021-01-14 04:11:55.699860', 3, 9, 6);
    INSERT INTO UPLOAD (LOAD_DATE, EMPLOYEE_ID, SUBSYSTEM_ID, FUEL_ROAD_NUMBER) VALUES ('2020-11-30 21:33:16.932452', 3, 5, 3);
    INSERT INTO UPLOAD (LOAD_DATE, EMPLOYEE_ID, SUBSYSTEM_ID, FUEL_ROAD_NUMBER) VALUES ('2020-11-30 18:33:16.936342', 3, 1, 12);
    INSERT INTO UPLOAD (LOAD_DATE, EMPLOYEE_ID, SUBSYSTEM_ID, FUEL_ROAD_NUMBER) VALUES ('2022-09-01 19:48:31.655757', 3, 1, 14);
    INSERT INTO UPLOAD (LOAD_DATE, EMPLOYEE_ID, SUBSYSTEM_ID, FUEL_ROAD_NUMBER) VALUES ('2022-09-01 23:48:31.655756', 3, 9, 17);
    INSERT INTO UPLOAD (LOAD_DATE, EMPLOYEE_ID, SUBSYSTEM_ID, FUEL_ROAD_NUMBER) VALUES ('2020-06-17 06:30:49.275947', 3, 1, 19);
    INSERT INTO UPLOAD (LOAD_DATE, EMPLOYEE_ID, SUBSYSTEM_ID, FUEL_ROAD_NUMBER) VALUES ('2020-06-17 06:36:49.276951', 3, 13, 15);
    INSERT INTO UPLOAD (LOAD_DATE, EMPLOYEE_ID, SUBSYSTEM_ID, FUEL_ROAD_NUMBER) VALUES ('2020-06-15 08:43:49.224550', 3, 5, 24);
    INSERT INTO UPLOAD (LOAD_DATE, EMPLOYEE_ID, SUBSYSTEM_ID, FUEL_ROAD_NUMBER) VALUES ('2020-06-17 06:36:49.270252', 3, 9, 10);
    INSERT INTO UPLOAD (LOAD_DATE, EMPLOYEE_ID, SUBSYSTEM_ID, FUEL_ROAD_NUMBER) VALUES ('2024-03-23 07:51:56.339085', 3, 13, 23);
    INSERT INTO UPLOAD (LOAD_DATE, EMPLOYEE_ID, SUBSYSTEM_ID, FUEL_ROAD_NUMBER) VALUES ('2024-03-23 13:51:56.339083', 3, 5, 2);
    INSERT INTO UPLOAD (LOAD_DATE, EMPLOYEE_ID, SUBSYSTEM_ID, FUEL_ROAD_NUMBER) VALUES ('2021-09-09 05:50:52.307255', 3, 9, 5);
    INSERT INTO UPLOAD (LOAD_DATE, EMPLOYEE_ID, SUBSYSTEM_ID, FUEL_ROAD_NUMBER) VALUES ('2021-09-09 07:51:52.376958', 3, 5, 13);
    INSERT INTO UPLOAD (LOAD_DATE, EMPLOYEE_ID, SUBSYSTEM_ID, FUEL_ROAD_NUMBER) VALUES ('2020-12-27 11:21:29.969075', 3, 1, 15);
    INSERT INTO UPLOAD (LOAD_DATE, EMPLOYEE_ID, SUBSYSTEM_ID, FUEL_ROAD_NUMBER) VALUES ('2020-12-07 03:02:12.517860', 3, 9, 9);
    INSERT INTO UPLOAD (LOAD_DATE, EMPLOYEE_ID, SUBSYSTEM_ID, FUEL_ROAD_NUMBER) VALUES ('2020-12-07 06:01:14.515925', 3, 13, 9);
    INSERT INTO UPLOAD (LOAD_DATE, EMPLOYEE_ID, SUBSYSTEM_ID, FUEL_ROAD_NUMBER) VALUES ('2020-12-07 02:04:12.579928', 3, 5, 18);
    INSERT INTO UPLOAD (LOAD_DATE, EMPLOYEE_ID, SUBSYSTEM_ID, FUEL_ROAD_NUMBER) VALUES ('2021-09-19 11:00:30.131977', 3, 13, 7);
    INSERT INTO UPLOAD (LOAD_DATE, EMPLOYEE_ID, SUBSYSTEM_ID, FUEL_ROAD_NUMBER) VALUES ('2021-09-19 12:02:29.190891', 3, 5, 14);
    INSERT INTO UPLOAD (LOAD_DATE, EMPLOYEE_ID, SUBSYSTEM_ID, FUEL_ROAD_NUMBER) VALUES ('2021-09-19 10:03:33.198707', 3, 9, 17);
    INSERT INTO UPLOAD (LOAD_DATE, EMPLOYEE_ID, SUBSYSTEM_ID, FUEL_ROAD_NUMBER) VALUES ('2021-09-19 12:00:32.197981', 3, 1, 14);
    INSERT INTO UPLOAD (LOAD_DATE, EMPLOYEE_ID, SUBSYSTEM_ID, FUEL_ROAD_NUMBER) VALUES ('2020-01-26 10:59:07.086531', 3, 5, 16);
    INSERT INTO UPLOAD (LOAD_DATE, EMPLOYEE_ID, SUBSYSTEM_ID, FUEL_ROAD_NUMBER) VALUES ('2020-11-18 14:33:19.277636', 3, 5, 9);
    INSERT INTO UPLOAD (LOAD_DATE, EMPLOYEE_ID, SUBSYSTEM_ID, FUEL_ROAD_NUMBER) VALUES ('2020-11-18 16:25:20.987638', 3, 9, 13);
    INSERT INTO UPLOAD (LOAD_DATE, EMPLOYEE_ID, SUBSYSTEM_ID, FUEL_ROAD_NUMBER) VALUES ('2020-11-18 14:32:20.274838', 3, 1, 1);
    INSERT INTO UPLOAD (LOAD_DATE, EMPLOYEE_ID, SUBSYSTEM_ID, FUEL_ROAD_NUMBER) VALUES ('2020-11-18 16:32:20.277638', 3, 13, 3);
    INSERT INTO UPLOAD (LOAD_DATE, EMPLOYEE_ID, SUBSYSTEM_ID, FUEL_ROAD_NUMBER) VALUES ('2020-11-28 17:41:01.688518', 3, 13, 6);
    INSERT INTO UPLOAD (LOAD_DATE, EMPLOYEE_ID, SUBSYSTEM_ID, FUEL_ROAD_NUMBER) VALUES ('2020-11-28 21:38:01.84518', 3, 1, 15);
    INSERT INTO UPLOAD (LOAD_DATE, EMPLOYEE_ID, SUBSYSTEM_ID, FUEL_ROAD_NUMBER) VALUES ('2020-11-28 23:38:01.68843', 3, 9, 7);
    EXCEPTION
      WHEN OTHERS THEN
        PERFORM setval(pg_get_serial_sequence('EMPLOYEE', 'EMPLOYEE_ID'), 1, false);
        PERFORM setval(pg_get_serial_sequence('SUBSYSTEM', 'SUBSYSTEM_ID'), 1, false);
        PERFORM setval(pg_get_serial_sequence('POWERUNIT', 'POWERUNIT_NUMBER'), 1, false);
        PERFORM setval(pg_get_serial_sequence('FUEL_ROAD', 'FUEL_ROAD_NUMBER'), 1, false);
        PERFORM setval(pg_get_serial_sequence('FUEL_TYPE', 'FUEL_TYPE_ID'), 1, false);
        PERFORM setval(pg_get_serial_sequence('EVENT', 'EVENT_ID'), 1, false);
        ROLLBACK;
        RAISE;
    END;
    COMMIT;
END $$;
